time,temp,est,door,compressor
1,1.89996,0,0,0
2,2.10055,0,0,0
3,1.82454,0,0,0
4,1.62289,0,0,0
5,2.10055,0,0,0
6,2.02541,0,0,0
7,2.02541,0,0,0
8,1.92507,0,0,0
9,2.07552,0,0,0
10,2.05047,0,0,0
11,2.25049,0,0,0
12,1.92507,0,0,0
13,1.62289,0,0,0
14,2.20056,0,0,0
15,2.25049,0,0,0
16,1.95017,0,0,0
17,2.15057,0,0,0
18,1.7742,0,0,0
19,1.95017,0,0,0
20,2.00034,0,0,0
21,2.17557,0,0,0
22,1.87483,0,0,0
23,2.20056,0,0,0
24,2.10055,0,0,0
25,2.15057,0,0,0
26,1.74901,0,0,0
27,1.87483,0,0,0
28,2.05047,0,0,0
29,1.74901,0,0,0
30,2.25049,0,0,0
31,2.20056,0,0,0
32,2.20056,0,0,0
33,2.02541,0,0,0
34,2.02541,0,0,0
35,2.30038,0,0,0
36,1.74901,0,0,0
37,1.64814,0,0,0
38,1.87483,0,0,0
39,1.95017,0,0,0
40,1.79938,0,0,0
41,2.05047,0,0,0
42,2.42489,0,0,0
43,2.12557,0,0,0
44,1.79938,0,0,0
45,2.10055,0,0,0
46,2.22553,0,0,0
47,1.79938,0,0,0
48,2.07552,0,0,0
49,2.00034,0,0,0
50,2.02541,0,0,0
51,2.02541,0,0,0
52,2.05047,0,0,0
53,1.82454,0,0,0
54,2.12557,0,0,0
55,2.47462,1681.8,0,0
56,1.92507,1043.89,0,0
57,2.00034,933.107,0,0
58,1.67338,1696.77,0,0
59,2.10055,2617.7,0,0
60,2.27543,1920.05,0,0
61,2.00034,1919.74,1,0
62,2.17557,1918.83,1,0
63,2.20056,1917.81,1,0
64,2.54912,1915.13,1,0
65,1.79938,1916.03,1,0
66,2.77202,1912.3,1,0
67,2.3253,1910.72,1,0
68,2.54912,1908.07,1,0
69,2.52429,1905.56,1,0
70,2.72256,1902.12,1,0
71,2.42489,1900.11,1,0
72,2.94477,1895.63,1,0
73,2.49946,1893.3,1,0
74,2.77202,1889.68,1,0
75,2.54912,1887.14,1,0
76,2.79673,1883.44,1,0
77,2.84612,1879.52,1,0
78,2.59873,1876.79,1,0
79,3.19064,1871.26,1,0
80,2.72256,1867.99,1,0
81,2.84612,1193.32,0,0
82,2.8708,1177.55,0,0
83,2.82143,1163.04,0,0
84,3.04324,1144.58,0,0
85,2.8708,1129.79,0,0
86,3.04324,1112,0,0
87,2.99403,1095.51,0,0
88,2.49946,1088.77,0,0
89,2.67307,1078.85,0,0
90,2.27543,1076.71,0,0
91,2.8708,1063.27,0,0
92,2.77202,1051.98,0,0
93,3.04324,1035.75,0,0
94,2.94477,1021.72,0,0
95,3.31317,1000.95,0,0
96,2.9694,987.151,0,0
97,2.8708,975.502,0,0
98,2.84612,964.556,0,0
99,3.14155,948.202,0,0
100,3.04324,934.047,0,0
101,2.8708,923.461,0,0
102,3.1661,907.46,0,0
103,2.52429,904.006,0,0
104,2.94477,892.612,0,0
105,2.84612,883.324,0,0
106,3.31317,865.325,0,0
107,2.69782,859.408,0,0
108,2.8708,850.314,0,0
109,2.62352,846.112,0,0
110,2.6483,841.523,0,0
111,2.72256,835.611,0,0
112,3.06784,823.239,0,0
113,2.9694,812.991,0,0
114,2.52429,811.426,0,0
115,2.57393,808.947,0,0
116,2.7473,803.215,0,0
117,2.77202,797.127,0,0
118,2.57393,794.934,0,0
119,2.6483,791.368,0,0
120,2.92012,782.695,0,0
121,2.9694,773.258,0,0
122,3.09242,761.665,0,0
123,3.14155,749.368,0,0
124,2.82143,743.416,0,0
125,2.7473,738.994,0,0
126,2.6483,736.547,0,0
127,2.7473,732.263,0,0
128,3.26419,718.218,0,0
129,2.59873,717.131,0,0
130,2.94477,709.474,0,0
131,3.33765,694.485,0,0
132,3.23969,681.663,0,0
133,2.92012,675.184,0,0
134,2.77202,671.656,0,0
135,2.8708,666.317,0,0
136,2.79673,0,0,0
137,3.33765,0,0,0
138,2.84612,0,0,0
139,3.55746,0,0,0
140,3.11699,0,0,0
141,2.99403,0,0,0
142,3.04324,0,0,0
143,2.72256,0,0,0
144,3.01864,0,0,0
145,3.1661,0,0,0
146,2.69782,0,0,0
147,2.7473,0,0,0
148,2.84612,0,0,0
149,2.62352,0,0,0
150,2.69782,0,0,0
151,2.69782,0,0,0
152,2.92012,0,0,0
153,2.72256,0,0,0
154,3.01864,11.3324,0,0
155,2.49946,423.713,0,0
156,3.31317,785.599,0,0
157,2.82143,1494.93,0,0
158,3.04324,2253.27,0,0
159,2.9694,3049.08,0,0
160,3.09242,2932.18,0,0
161,2.77202,3600,0,0
162,3.06784,3433.93,0,0
163,2.44976,3600,0,0
164,2.82143,3600,0,0
165,2.8708,3600,0,0
166,2.9694,3600,0,0
167,2.67307,3600,0,0
168,3.19064,3600,0,0
169,2.89547,3600,0,0
170,3.01864,3600,0,0
171,3.14155,3600,0,0
172,2.9694,3600,0,0
173,2.67307,3600,0,0
174,3.14155,3600,0,0
175,2.9694,3600,0,0
176,3.04324,3600,0,0
177,3.01864,3600,0,0
178,2.62352,3600,0,0
179,2.94477,3600,0,0
180,3.26419,3600,0,0
181,2.82143,3600,0,0
182,2.6483,3600,0,0
183,3.26419,3600,0,0
184,3.14155,2766.31,0,0
185,3.09242,2037.45,0,0
186,2.7473,2692.96,0,0
187,2.8708,3600,0,0
188,2.99403,3600,0,0
189,3.23969,3600,0,0
190,2.99403,3600,0,0
191,2.92012,3600,0,0
192,3.14155,3600,0,0
193,2.84612,2764.61,0,0
194,3.26419,1956.15,0,0
195,2.9694,1536.93,0,0
196,2.92012,1361.28,0,0
197,3.09242,975.771,0,0
198,2.72256,841.375,0,0
199,2.82143,604.195,0,0
200,2.92012,413.038,0,0
201,3.33765,218.475,0,0
202,2.8708,94.3758,0,0
203,3.33765,0,0,0
204,3.01864,0,0,0
205,2.94477,0,0,0
206,2.9694,0,0,0
207,2.8708,0,0,0
208,3.04324,0,0,0
209,3.04324,0,0,0
210,3.33765,0,0,0
211,3.04324,0,0,0
212,3.19064,0,0,0
213,2.7473,0,0,0
214,2.8708,0,0,0
215,2.84612,0,0,0
216,3.06784,0,0,0
217,3.01864,0,0,0
218,3.26419,0,0,0
219,3.19064,0,0,0
220,3.09242,0,0,0
221,2.49946,0,0,0
222,3.14155,0,0,0
223,3.06784,0,0,0
224,3.33765,0,0,0
225,2.84612,0,0,0
226,3.09242,0,0,0
227,3.19064,0,0,0
228,3.06784,0,0,0
229,3.21517,0,0,0
230,3.26419,0,0,0
231,3.04324,0,0,0
232,2.79673,0,0,0
233,2.67307,0,0,0
234,2.59873,0,0,0
235,2.67307,0,0,0
236,2.84612,36.1816,0,0
237,2.8708,138.431,0,0
238,3.04324,302.224,0,0
239,3.04324,522.985,0,0
240,3.1661,690.247,0,0
241,2.77202,1073.52,0,0
242,3.04324,1949.01,0,0
243,2.62352,3600,0,0
244,2.79673,3600,0,0
245,3.04324,3600,0,0
246,3.06784,3600,0,0
247,2.9694,3600,0,0
248,3.09242,3600,0,0
249,3.04324,3600,0,0
250,3.04324,3600,0,0
251,3.09242,3600,0,0
252,2.99403,3600,0,0
253,3.21517,3600,0,0
254,2.9694,3600,0,0
255,2.8708,3600,0,0
256,2.89547,3600,0,0
257,3.28869,3600,0,0
258,3.06784,3600,0,0
259,2.92012,3600,0,0
260,2.62352,3600,0,0
261,2.99403,3600,0,0
262,3.36211,3600,0,0
263,3.48428,3600,0,0
264,2.67307,3600,0,0
265,3.21517,3600,0,0
266,2.77202,3600,0,0
267,2.6483,3600,0,0
268,2.94477,3600,0,0
269,3.31317,3600,0,0
270,3.11699,3600,0,0
271,3.06784,3600,0,0
272,3.23969,3600,0,0
273,3.14155,3600,0,0
274,3.31317,3600,0,0
275,2.89547,3600,0,0
276,3.11699,3600,0,0
277,3.26419,3259,0,0
278,3.09242,1657.04,0,0
279,3.04324,937.387,0,0
280,2.7473,642.88,0,0
281,3.48428,451.8,0,0
282,2.79673,349.736,0,0
283,2.9694,269.327,0,0
284,3.06784,159.5,0,0
285,3.33765,62.0242,0,0
286,2.9694,0,0,0
287,2.99403,0,0,0
288,3.11699,0,0,0
289,3.19064,0,0,0
290,3.19064,0,0,0
291,2.9694,0,0,0
292,3.23969,0,0,0
293,3.26419,0,0,0
294,2.99403,0,0,0
295,3.21517,0,0,0
296,3.23969,0,0,0
297,3.50868,0,0,0
298,2.8708,0,0,0
299,2.94477,0,0,0
300,3.14155,0,0,0
301,2.72256,0,0,0
302,3.28869,0,0,0
303,3.45987,0,0,0
304,3.26419,0,0,0
305,3.01864,0,0,0
306,3.23969,0,0,0
307,3.43545,0,0,0
308,3.14155,0,0,0
309,2.9694,0,0,0
310,3.11699,0,0,0
311,2.92012,0,0,0
312,3.41101,0,0,0
313,3.11699,0,0,0
314,3.45987,0,0,0
315,3.36211,0,0,0
316,3.09242,0,0,0
317,3.04324,0,0,0
318,3.28869,0,0,0
319,3.06784,0,0,0
320,3.26419,0,0,0
321,3.36211,0,0,0
322,2.99403,0,0,0
323,3.06784,0,0,0
324,3.04324,0,0,0
325,3.04324,0,0,0
326,2.92012,0,0,0
327,2.82143,0,0,0
328,2.9694,0,0,0
329,3.23969,0,0,0
330,3.09242,0,0,0
331,2.82143,0,0,0
332,3.1661,0,0,0
333,3.23969,22.764,0,0
334,3.33765,53.312,0,0
335,2.9694,132.007,0,0
336,3.1661,210.563,0,0
337,3.14155,270.716,0,0
338,3.36211,292.089,0,0
339,2.8708,388.048,0,0
340,2.94477,646.612,0,0
341,2.8708,964.668,0,0
342,3.04324,1776.92,0,0
343,3.60619,2810.21,0,0
344,3.36211,3600,0,0
345,2.82143,3600,0,0
346,3.19064,3600,0,0
347,2.84612,3600,0,0
348,3.48428,3600,0,0
349,3.09242,3600,0,0
350,3.19064,3600,0,0
351,3.26419,3600,0,0
352,3.43545,3600,0,0
353,3.11699,3600,0,0
354,2.84612,3600,0,0
355,3.1661,3600,0,0
356,2.82143,3600,0,0
357,3.36211,3600,0,0
358,3.50868,3600,0,0
359,3.41101,3600,0,0
360,3.11699,3600,0,0
361,3.04324,3600,0,0
362,3.43545,3600,0,0
363,3.23969,3600,0,0
364,3.28869,3600,0,0
365,2.8708,3600,0,0
366,3.09242,3600,0,0
367,3.41101,3444.31,0,0
368,3.36211,1675.05,0,0
369,3.11699,1152.26,0,0
370,3.23969,821.835,0,0
371,2.92012,790.143,0,0
372,3.63054,505.702,0,0
373,3.36211,302.123,0,0
374,2.92012,169.234,0,0
375,2.99403,71.1036,0,0
376,3.41101,0,0,0
377,3.21517,0,0,0
378,3.19064,0,0,0
379,3.1661,0,0,0
380,3.55746,0,0,0
381,3.01864,0,0,0
382,3.01864,0,0,0
383,3.1661,0,0,0
384,3.43545,0,0,0
385,3.48428,0,0,0
386,2.82143,0,0,0
387,3.21517,0,0,0
388,3.36211,0,0,0
389,3.33765,0,0,0
390,3.1661,0,0,0
391,2.84612,0,0,0
392,2.94477,0,0,0
393,3.23969,0,0,0
394,3.11699,0,0,0
395,2.94477,0,0,0
396,3.53308,0,0,0
397,3.01864,0,0,0
398,3.41101,0,0,0
399,3.26419,0,0,0
400,3.33765,0,0,0
401,3.36211,0,0,0
402,3.21517,0,0,0
403,3.26419,4.17316,0,0
404,3.1661,4.72125,0,0
405,3.1661,45.4128,0,0
406,2.9694,119.195,0,0
407,3.06784,277.688,0,0
408,3.06784,446.333,0,0
409,3.19064,694.283,0,0
410,3.36211,943.515,0,0
411,3.21517,1212.44,0,0
412,3.65488,1008.36,0,0
413,2.9694,1051.81,0,0
414,3.04324,1483.77,0,0
415,3.23969,2100.44,0,0
416,2.82143,3600,0,0
417,3.48428,3600,0,0
418,3.63054,3600,0,0
419,3.26419,3600,0,0
420,3.43545,3600,0,0
421,3.01864,3600,0,0
422,3.14155,3600,0,0
423,3.75215,1977.9,0,0
424,3.09242,1302.33,0,0
425,3.19064,1154.63,0,0
426,3.58183,894.873,0,0
427,3.23969,647.524,0,0
428,3.38657,400.739,0,0
429,3.38657,235.467,0,0
430,3.33765,109.072,0,0
431,3.04324,81.6594,0,0
432,3.36211,0,0,0
433,3.41101,0,0,0
434,3.21517,0,0,0
435,3.14155,0,0,0
436,3.21517,0,0,0
437,3.33765,0,0,0
438,2.99403,0,0,0
439,3.75215,0,0,0
440,2.92012,0,0,0
441,2.89547,0,0,0
442,3.70354,0,0,0
443,2.79673,0,0,0
444,3.21517,0,0,0
445,3.23969,0,0,0
446,3.28869,0,0,0
447,3.06784,0,0,0
448,3.26419,0,0,0
449,3.43545,0,0,0
450,3.63054,0,0,0
451,3.48428,0,0,0
452,3.28869,0,0,0
453,3.19064,0,0,0
454,3.21517,0,0,0
455,3.04324,0,0,0
456,3.09242,0,0,0
457,3.48428,0,0,0
458,3.31317,0,0,0
459,3.11699,0,0,0
460,3.41101,0,0,0
461,3.21517,0,0,0
462,3.19064,0,0,0
463,3.26419,0,0,0
464,3.21517,9.9126,0,0
465,3.38657,20.018,0,0
466,3.1661,76.7896,0,0
467,3.38657,141.759,0,0
468,3.23969,254.674,0,0
469,3.1661,434.637,0,0
470,3.50868,538.95,0,0
471,3.1661,728.602,0,0
472,3.19064,792.637,0,0
473,3.1661,1085.11,0,0
474,3.43545,1511.82,0,0
475,3.55746,1747.74,0,0
476,3.45987,2564.47,0,0
477,3.14155,3600,0,0
478,3.38657,3281.39,0,0
479,3.21517,3167.91,0,0
480,3.06784,3227.67,0,0
481,3.48428,3402.68,0,0
482,3.36211,3600,0,0
483,3.38657,2343.68,0,0
484,3.80073,1286.08,0,0
485,3.21517,920.403,0,0
486,3.63054,455.373,0,0
487,3.41101,209.122,0,0
488,3.63054,9.25305,0,0
489,3.38657,0,0,0
490,3.19064,0,0,0
491,3.04324,0,0,0
492,3.01864,0,0,0
493,3.70354,0,0,0
494,3.36211,0,0,0
495,3.48428,0,0,0
496,3.36211,0,0,0
497,3.19064,0,0,0
498,3.33765,0,0,0
499,3.31317,0,0,0
500,3.19064,0,0,0
501,3.33765,0,0,0
502,3.21517,0,0,0
503,3.43545,0,0,0
504,3.38657,0,0,0
505,3.65488,0,0,0
506,3.01864,0,0,0
507,3.58183,0,0,0
508,3.26419,0,0,0
509,3.45987,0,0,0
510,3.60619,0,0,0
511,3.21517,0,0,0
512,3.28869,0,0,0
513,3.45987,0,0,0
514,3.26419,0,0,0
515,3.01864,0,0,0
516,3.65488,0,0,0
517,3.28869,0,0,0
518,3.43545,0,0,0
519,3.1661,0,0,0
520,3.06784,0,0,0
521,3.06784,0,0,0
522,3.26419,0,0,0
523,3.31317,0,0,0
524,3.41101,0,0,0
525,3.50868,29.1669,0,0
526,3.97042,31.8262,0,0
527,3.84926,0,0,0
528,3.33765,0,0,0
529,3.65488,0,0,0
530,3.45987,0,0,0
531,3.09242,0,0,0
532,3.60619,0,0,0
533,3.50868,0,0,0
534,3.67922,0,0,0
535,3.06784,0,0,0
536,2.82143,0,0,0
537,3.33765,0,0,0
538,3.31317,0,0,0
539,3.65488,0,0,0
540,3.21517,71.4261,0,0
541,3.09242,215.549,0,0
542,3.55746,337.635,0,0
543,3.36211,486.32,0,0
544,3.04324,626.112,0,0
545,3.21517,940.278,0,0
546,3.33765,1140.44,0,0
547,3.23969,1431.92,0,0
548,3.19064,1612.94,0,0
549,3.80073,1197.55,0,0
550,3.11699,1267.05,0,0
551,3.04324,2208.88,0,0
552,3.65488,3600,0,0
553,3.26419,3600,0,0
554,3.41101,3600,0,0
555,3.26419,3600,0,0
556,3.11699,3600,0,0
557,3.41101,3600,0,0
558,3.19064,3600,0,0
559,3.77644,3600,0,0
560,3.38657,3600,0,0
561,3.41101,3600,0,0
562,3.45987,3600,0,0
563,3.23969,3600,0,0
564,3.50868,3600,0,0
565,3.28869,3600,0,0
566,3.36211,3600,0,0
567,3.50868,3600,0,0
568,3.45987,3600,0,0
569,3.41101,3600,0,0
570,3.41101,3600,0,0
571,3.55746,3600,0,0
572,3.19064,3600,0,0
573,3.06784,3600,0,0
574,3.31317,3600,0,0
575,3.26419,3600,0,0
576,3.63054,3600,0,0
577,3.36211,3600,0,0
578,3.55746,3600,0,0
579,3.09242,3600,0,0
580,3.11699,3600,0,0
581,3.65488,3600,0,0
582,2.99403,3600,0,0
583,3.84926,3600,0,0
584,2.9694,3600,0,0
585,3.41101,3600,0,0
586,3.48428,3600,0,0
587,3.41101,3600,0,0
588,3.53308,3600,0,0
589,3.41101,3600,0,0
590,3.36211,3600,0,0
591,3.60619,3600,0,0
592,3.58183,1766.91,0,0
593,3.67922,498.204,0,0
594,3.58183,41.3433,0,0
595,3.1661,0,0,0
596,3.38657,0,0,0
597,3.31317,0,0,0
598,3.50868,0,0,0
599,3.50868,0,0,0
600,3.89775,0,0,0
601,3.45987,0,0,0
602,3.48428,0,0,0
603,3.43545,0,0,0
604,3.31317,0,0,0
605,3.60619,0,0,0
606,3.26419,0,0,0
607,3.33765,0,0,0
608,3.21517,0,0,0
609,3.92199,0,0,0
610,3.53308,0,0,0
611,3.33765,0,0,0
612,3.45987,0,0,0
613,3.09242,0,0,0
614,3.63054,0,0,0
615,3.50868,0,0,0
616,3.55746,0,0,0
617,3.38657,0,0,0
618,3.33765,0,0,0
619,3.41101,0,0,0
620,3.1661,0,0,0
621,3.21517,0,0,0
622,3.55746,0,0,0
623,3.58183,0,0,0
624,3.58183,0,0,0
625,3.31317,0,0,0
626,3.77644,0,0,0
627,3.50868,0,0,0
628,3.58183,0,0,0
629,3.28869,0,0,0
630,3.67922,0,0,0
631,3.11699,0,0,0
632,3.67922,0,0,0
633,3.70354,0,0,0
634,3.33765,0,0,0
635,3.19064,0,0,0
636,3.77644,0,0,0
637,3.41101,0,0,0
638,3.14155,0,0,0
639,3.45987,0,0,0
640,3.63054,0,0,0
641,3.72785,0,0,0
642,3.38657,0,0,0
643,3.70354,0,0,0
644,3.45987,0,0,0
645,3.26419,0,0,0
646,3.63054,0,0,0
647,3.60619,0,0,0
648,3.41101,0,0,0
649,3.55746,0,0,0
650,3.48428,14.0481,0,0
651,3.41101,46.7324,0,0
652,3.23969,103.297,0,0
653,3.21517,168.58,0,0
654,3.72785,137.008,0,0
655,3.50868,164.457,0,0
656,3.53308,193.205,0,0
657,3.06784,391.768,0,0
658,2.9694,941.33,0,0
659,3.89775,1348.94,0,0
660,3.55746,1202.46,0,0
661,3.33765,1209.89,0,0
662,3.58183,1051.48,0,0
663,3.38657,1009.49,0,0
664,3.48428,1064.83,0,0
665,3.50868,943.591,0,0
666,3.09242,1382.78,0,0
667,3.26419,2846.77,0,0
668,3.53308,2846.77,0,0
669,3.58183,2846.77,0,0
670,3.45987,2846.77,0,0
671,3.1661,2846.77,0,0
672,3.53308,2846.77,0,0
673,3.63054,2846.77,0,0
674,3.14155,2846.77,0,0
675,3.70354,2846.77,0,0
676,3.38657,2846.77,0,0
677,3.825,2846.77,0,0
678,3.19064,2846.77,0,0
679,3.23969,2846.77,0,0
680,3.33765,2846.77,0,0
681,3.67922,2846.77,0,0
682,3.23969,2846.77,0,0
683,3.33765,2846.77,0,0
684,3.58183,2846.77,0,0
685,3.58183,2846.77,0,0
686,3.41101,2846.77,0,0
687,3.23969,2846.77,0,0
688,3.11699,2846.77,0,0
689,3.41101,2846.77,0,0
690,3.45987,2846.77,0,0
691,3.58183,2846.77,0,0
692,3.31317,2846.77,0,0
693,3.19064,2846.77,0,0
694,3.58183,2846.77,0,0
695,3.48428,2846.77,0,0
696,3.67922,2846.77,0,0
697,3.1661,2846.77,0,0
698,3.43545,2846.77,0,0
699,3.72785,2846.77,0,0
700,3.70354,2846.77,0,0
701,3.60619,2846.77,0,0
702,3.60619,2846.77,0,0
703,3.58183,2846.77,0,0
704,3.67922,2846.77,0,0
705,3.50868,2846.77,0,0
706,3.33765,2846.77,0,0
707,3.58183,2846.77,0,0
708,3.72785,1593.32,0,0
709,3.38657,542.006,0,0
710,3.72785,111.643,0,0
711,3.04324,0,0,0
712,3.55746,0,0,0
713,3.41101,0,0,0
714,3.77644,0,0,0
715,3.36211,0,0,0
716,3.70354,0,0,0
717,3.38657,0,0,0
718,3.48428,0,0,0
719,3.53308,0,0,0
720,3.45987,0,0,0
721,3.50868,0,0,0
722,3.53308,0,0,0
723,3.53308,0,0,0
724,3.31317,0,0,0
725,3.36211,0,0,0
726,3.70354,0,0,0
727,3.31317,0,0,0
728,3.60619,0,0,0
729,3.53308,0,0,0
730,3.28869,0,0,0
731,3.45987,0,0,0
732,3.97042,0,0,0
733,3.60619,0,0,0
734,3.77644,0,0,0
735,3.60619,0,0,0
736,3.43545,0,0,0
737,3.43545,0,0,0
738,3.53308,0,0,0
739,3.45987,0,0,0
740,3.84926,0,0,0
741,3.67922,0,0,0
742,3.58183,0,0,0
743,3.50868,0,0,0
744,3.58183,0,0,0
745,3.67922,0,0,0
746,3.48428,0,0,0
747,3.60619,0,0,0
748,3.28869,0,0,0
749,3.70354,0,0,0
750,3.87351,0,0,0
751,3.70354,0,0,0
752,3.80073,0,0,0
753,3.63054,0,0,0
754,3.70354,0,0,0
755,3.67922,0,0,0
756,3.60619,0,0,0
757,3.50868,0,0,0
758,3.80073,0,0,0
759,3.48428,0,0,0
760,3.48428,0,0,0
761,3.28869,0,0,0
762,3.58183,0,0,0
763,3.45987,0,0,0
764,3.70354,0,0,0
765,3.55746,0,0,0
766,3.89775,0,0,0
767,3.36211,0,0,0
768,3.77644,0,0,0
769,3.58183,0,0,0
770,3.38657,0,0,0
771,3.41101,0,0,0
772,3.45987,0,0,0
773,3.70354,0,0,0
774,3.38657,0,0,0
775,3.67922,0,0,0
776,3.31317,0,0,0
777,3.75215,0,0,0
778,3.65488,0,0,0
779,3.67922,0,0,0
780,3.92199,0,0,0
781,3.67922,0,0,0
782,3.50868,0,0,0
783,3.45987,0,0,0
784,3.04324,0,0,0
785,3.63054,0,0,0
786,3.48428,0,0,0
787,3.53308,0,0,0
788,3.58183,75.5322,0,0
789,3.41101,426.87,0,0
790,3.38657,2150.27,0,0
791,3.50868,2150.27,0,0
792,3.63054,2150.27,0,0
793,3.63054,2150.27,0,0
794,3.21517,2150.27,0,0
795,3.80073,2150.27,0,0
796,3.55746,2150.27,0,0
797,3.67922,2150.27,0,0
798,3.825,2150.27,0,0
799,3.70354,2150.27,0,0
800,3.67922,2150.27,0,0
801,3.70354,2150.27,0,0
802,3.48428,2150.27,0,0
803,3.65488,2150.27,0,0
804,3.43545,2150.27,0,0
805,3.70354,2150.27,0,0
806,3.80073,2150.27,0,0
807,3.65488,2150.27,0,0
808,3.33765,2150.27,0,0
809,3.55746,2150.27,0,0
810,3.67922,2150.27,0,0
811,3.58183,2150.27,0,0
812,3.58183,2150.27,0,0
813,3.43545,2150.27,0,0
814,3.55746,2150.27,0,0
815,3.63054,2150.27,0,0
816,3.60619,2150.27,0,0
817,3.77644,2150.27,0,0
818,3.92199,1163.88,0,0
819,3.67922,348.557,0,0
820,3.50868,97.6036,0,0
821,3.63054,0,0,0
822,3.70354,0,0,0
823,3.43545,0,0,0
824,3.36211,0,0,0
825,3.87351,0,0,0
826,3.45987,0,0,0
827,3.45987,0,0,0
828,3.36211,0,0,0
829,3.87351,0,0,0
830,3.43545,0,0,0
831,3.41101,0,0,0
832,3.63054,0,0,0
833,4.043,0,0,0
834,3.70354,0,0,0
835,3.80073,0,0,0
836,3.63054,0,0,0
837,3.55746,0,0,0
838,3.89775,0,0,0
839,3.53308,0,0,0
840,3.45987,0,0,0
841,3.63054,0,0,0
842,3.70354,0,0,0
843,3.72785,0,0,0
844,3.53308,0,0,0
845,3.70354,0,0,0
846,3.38657,0,0,0
847,3.70354,0,0,0
848,3.41101,0,0,0
849,3.67922,0,0,0
850,3.31317,0,0,0
851,3.53308,0,0,0
852,3.70354,0,0,0
853,3.72785,0,0,0
854,4.043,0,0,0
855,3.80073,0,0,0
856,3.55746,0,0,0
857,3.58183,0,0,0
858,3.75215,0,0,0
859,3.60619,0,0,0
860,3.58183,0,0,0
861,3.53308,0,0,0
862,3.55746,0,0,0
863,3.72785,0,0,0
864,3.80073,0,0,0
865,3.825,0,0,0
866,3.33765,0,0,0
867,3.55746,0,0,0
868,3.60619,0,0,0
869,3.65488,0,0,0
870,3.65488,0,0,0
871,3.75215,0,0,0
872,3.825,0,0,0
873,3.67922,0,0,0
874,4.06718,0,0,0
875,4.1155,0,0,0
876,3.38657,0,0,0
877,3.33765,0,0,0
878,3.825,0,0,0
879,3.53308,0,0,0
880,3.43545,0,0,0
881,3.92199,0,0,0
882,3.55746,0,0,0
883,3.84926,0,0,0
884,4.043,0,0,0
885,3.50868,0,0,0
886,4.01882,0,0,0
887,3.58183,0,0,0
888,3.58183,0,0,0
889,3.65488,0,0,0
890,3.60619,0,0,0
891,3.60619,0,0,0
892,3.67922,0,0,0
893,3.80073,0,0,0
894,3.53308,0,0,0
895,3.825,0,0,0
896,3.65488,0,0,0
897,3.87351,0,0,0
898,3.84926,0,0,0
899,3.65488,0,0,0
900,3.41101,0,0,0
901,3.58183,0,0,0
902,3.43545,0,0,0
903,3.87351,0,0,0
904,3.75215,0,0,0
905,3.63054,0,0,0
906,3.41101,0,0,0
907,3.60619,0,0,0
908,3.87351,0,0,0
909,3.87351,0,0,0
910,3.89775,0,0,0
911,3.60619,0,0,0
912,3.63054,0,0,0
913,3.84926,0,0,0
914,3.63054,0,0,0
915,3.825,0,0,0
916,3.45987,0,0,0
917,3.45987,0,0,0
918,3.84926,0,0,0
919,3.63054,0,0,0
920,3.92199,0,0,0
921,3.58183,0,0,0
922,3.94621,0,0,0
923,3.67922,0,0,0
924,3.94621,0,0,0
925,4.06718,0,0,0
926,3.87351,0,0,0
927,3.72785,0,0,0
928,3.65488,0,0,0
929,3.97042,0,0,0
930,3.97042,0,0,0
931,3.77644,0,0,0
932,3.55746,0,0,0
933,3.87351,0,0,0
934,3.60619,0,0,0
935,3.99462,0,0,0
936,3.67922,0,0,0
937,3.65488,0,0,0
938,3.72785,0,0,0
939,3.77644,0,0,0
940,3.60619,0,0,0
941,4.16378,0,0,0
942,3.65488,0,0,0
943,3.67922,0,0,0
944,3.84926,0,0,0
945,3.48428,0,0,0
946,3.65488,0,0,0
947,3.77644,0,0,0
948,3.99462,0,0,0
949,3.55746,0,0,0
950,3.75215,0,0,0
951,3.77644,0,0,0
952,3.55746,0,0,0
953,3.50868,0,0,0
954,3.70354,0,0,0
955,3.70354,0,0,0
956,3.41101,0,0,0
957,3.72785,0,0,0
958,3.75215,0,0,0
959,3.45987,0,0,0
960,3.21517,0,0,0
961,3.75215,0,0,0
962,3.77644,64.2498,0,0
963,3.72785,695.617,0,0
964,3.48428,695.617,0,0
965,3.87351,695.617,0,0
966,3.97042,695.617,0,0
967,3.58183,695.617,0,0
968,4.16378,695.617,0,0
969,3.87351,695.617,0,0
970,3.50868,695.617,0,0
971,3.825,695.617,0,0
972,3.87351,695.617,0,0
973,3.58183,695.617,0,0
974,3.97042,695.617,0,0
975,4.09134,695.617,0,0
976,3.77644,695.617,0,0
977,3.84926,695.617,0,0
978,3.80073,695.617,0,0
979,3.41101,695.617,0,0
980,3.65488,695.617,0,0
981,3.825,695.617,0,0
982,3.80073,695.617,0,0
983,3.65488,695.617,0,0
984,3.58183,695.617,0,0
985,3.75215,695.617,0,0
986,3.75215,695.617,0,0
987,4.30839,695.617,0,0
988,3.97042,3600,0,1
989,3.31317,3600,0,1
990,3.26419,3600,0,1
991,2.52429,3600,0,1
992,3.06784,3600,0,1
993,2.54912,3600,0,1
994,2.17557,3600,0,1
995,1.95017,3600,0,1
996,2.12557,3600,0,1
997,2.42489,3600,0,0
998,2.20056,3600,0,0
999,2.22553,3600,0,0
1000,2.27543,3600,0,0
1001,2.22553,3600,0,0
1002,2.02541,3600,0,0
1003,1.84969,3600,0,0
1004,2.30038,3600,0,0
1005,2.17557,3600,0,0
1006,2.40001,3600,0,0
1007,2.3253,3600,0,0
1008,2.07552,3600,0,0
1009,1.97526,3600,0,0
1010,2.07552,3600,0,0
1011,1.7742,3600,0,0
1012,1.95017,3600,0,0
1013,1.84969,3600,0,0
1014,2.22553,3600,0,0
1015,1.6986,3600,0,0
1016,2.30038,3600,0,0
1017,2.12557,3600,0,0
1018,1.97526,3600,0,0
1019,2.05047,3600,0,0
1020,2.10055,3600,0,0
1021,1.6986,3600,0,0
1022,1.79938,3600,0,0
1023,1.82454,3600,0,0
1024,2.07552,3600,0,0
1025,1.79938,3600,0,0
1026,1.82454,3600,0,0
1027,1.84969,3600,0,0
1028,2.12557,3600,0,0
1029,2.17557,3600,0,0
1030,2.07552,3600,0,0
1031,1.62289,3600,0,0
1032,2.07552,3600,0,0
1033,2.07552,3600,0,0
1034,1.64814,3600,0,0
1035,2.07552,3600,0,0
1036,2.17557,3600,0,0
1037,2.12557,3600,0,0
1038,1.95017,3600,0,0
1039,2.00034,3600,0,0
1040,1.89996,3600,0,0
1041,2.12557,3600,0,0
1042,2.00034,3600,0,0
1043,2.05047,3600,0,0
1044,2.25049,3600,0,0
1045,1.84969,3600,0,0
1046,2.30038,3600,0,0
1047,2.10055,3600,0,0
1048,2.37512,3600,0,0
1049,2.25049,3600,0,0
1050,2.22553,3600,0,0
1051,2.20056,3600,0,0
1052,2.05047,3600,0,0
1053,2.10055,3600,0,0
1054,2.54912,3600,0,0
1055,2.27543,3600,0,0
1056,2.10055,3600,0,0
1057,2.17557,3600,1,0
1058,2.20056,3600,1,0
1059,2.27543,3600,1,0
1060,2.05047,3600,1,0
1061,2.20056,3600,1,0
1062,2.42489,3600,1,0
1063,2.30038,3600,1,0
1064,2.3253,3600,1,0
1065,2.22553,3600,1,0
1066,2.30038,3600,1,0
1067,2.17557,3600,1,0
1068,2.47462,3600,1,0
1069,2.3253,3600,1,0
1070,2.42489,3600,1,0
1071,2.82143,3600,1,0
1072,3.04324,3600,1,0
1073,2.92012,3600,1,0
1074,2.84612,3600,1,0
1075,2.84612,3600,1,0
1076,2.62352,3600,1,0
1077,2.92012,3600,1,0
1078,2.77202,3600,1,0
1079,2.9694,3600,1,0
1080,2.99403,3600,1,0
1081,3.04324,3600,1,0
1082,3.28869,3600,1,0
1083,3.36211,3600,1,0
1084,3.23969,3600,1,0
1085,3.31317,3600,1,0
1086,3.09242,3600,1,0
1087,3.36211,3600,0,0
1088,3.26419,3600,0,0
1089,3.43545,3600,0,0
1090,3.04324,3600,0,0
1091,3.41101,3600,0,0
1092,3.19064,3600,0,0
1093,2.84612,3600,0,0
1094,3.04324,3600,0,0
1095,3.31317,3600,0,0
1096,3.23969,3600,0,0
1097,3.1661,3600,0,0
1098,3.41101,3600,0,0
1099,3.38657,3600,0,0
1100,3.01864,3600,0,0
1101,3.19064,3600,0,0
1102,3.50868,3600,0,0
1103,3.26419,3600,0,0
1104,2.67307,3600,0,0
1105,3.21517,3600,0,0
1106,3.1661,3600,0,0
1107,3.04324,3600,0,0
1108,3.04324,3600,0,0
1109,3.41101,3600,0,0
1110,3.06784,3600,0,0
1111,3.1661,3600,0,0
1112,3.31317,3600,0,0
1113,3.43545,3600,0,0
1114,3.09242,3600,0,0
1115,3.48428,3600,0,0
1116,3.21517,3600,0,0
1117,3.09242,3600,0,0
1118,3.09242,3600,0,0
1119,3.92199,3600,0,0
1120,3.67922,3600,0,0
1121,3.19064,3600,0,0
1122,3.38657,3600,0,0
1123,2.84612,3600,0,0
1124,3.06784,3600,0,0
1125,2.99403,3600,0,0
1126,3.55746,3600,0,0
1127,2.84612,3600,0,0
1128,3.41101,3600,0,0
1129,3.19064,3600,0,0
1130,3.50868,3600,0,0
1131,2.94477,3600,0,0
1132,3.06784,3600,0,0
1133,3.14155,3600,0,0
1134,2.94477,3600,0,0
1135,3.36211,3600,0,0
1136,3.04324,3600,0,0
1137,3.41101,3600,0,0
1138,3.43545,3600,0,0
1139,2.6483,3600,0,0
1140,3.21517,3600,0,0
1141,3.58183,3600,0,0
1142,3.11699,3600,0,0
1143,3.50868,0,0,0
1144,3.11699,0,0,0
1145,3.23969,0,0,0
1146,3.11699,0,0,0
1147,3.41101,0,0,0
1148,3.53308,0,0,0
1149,3.41101,0,0,0
1150,3.14155,0,0,0
1151,3.11699,0,0,0
1152,2.9694,0,0,0
1153,3.31317,0,0,0
1154,3.19064,0,0,0
1155,3.55746,0,0,0
1156,2.89547,0,0,0
1157,3.19064,0,0,0
1158,3.36211,0,0,0
1159,3.06784,0,0,0
1160,3.55746,0,0,0
1161,3.09242,0,0,0
1162,3.23969,0,0,0
1163,3.19064,0,0,0
1164,3.19064,0,0,0
1165,3.19064,0,0,0
1166,3.06784,0,0,0
1167,3.33765,0,0,0
1168,3.11699,0,0,0
1169,2.89547,78.5991,0,0
1170,3.53308,197.715,0,0
1171,3.43545,176.304,0,0
1172,3.31317,121.504,0,0
1173,3.48428,0,0,0
1174,3.28869,0,0,0
1175,3.65488,0,0,0
1176,3.72785,0,0,0
1177,2.92012,0,0,0
1178,3.06784,0,0,0
1179,3.31317,0,0,0
1180,3.48428,0,0,0
1181,3.48428,0,0,0
1182,3.11699,0,0,0
1183,3.36211,0,0,0
1184,3.01864,0,0,0
1185,3.21517,0,0,0
1186,3.26419,0,0,0
1187,3.21517,0,0,0
1188,3.26419,0,0,0
1189,3.33765,0,0,0
1190,3.14155,0,0,0
1191,3.23969,0,0,0
1192,3.19064,0,0,0
1193,3.19064,0,0,0
1194,3.19064,0,0,0
1195,3.43545,0,0,0
1196,3.38657,0,0,0
1197,3.38657,0,0,0
1198,3.31317,0,0,0
1199,3.31317,0,0,0
1200,3.36211,0,0,0
1201,3.31317,0,0,0
1202,3.33765,0,0,0
1203,3.65488,0,0,0
1204,3.45987,0,0,0
1205,3.14155,0,0,0
1206,3.06784,0,0,0
1207,3.65488,0,0,0
1208,3.14155,0,0,0
1209,3.72785,0,0,0
1210,3.11699,0,0,0
1211,2.9694,0,0,0
1212,3.48428,0,0,0
1213,2.99403,0,0,0
1214,3.28869,0,0,0
1215,3.04324,0,0,0
1216,3.43545,0,0,0
1217,3.21517,0,0,0
1218,3.04324,0,0,0
1219,3.33765,0,0,0
1220,3.45987,0,0,0
1221,3.1661,0,0,0
1222,3.31317,0,0,0
1223,3.1661,0,0,0
1224,3.38657,0,0,0
1225,3.33765,100.781,0,0
1226,3.38657,313.293,0,0
1227,3.58183,406.023,0,0
1228,3.43545,534.495,0,0
1229,3.14155,1176.3,0,0
1230,3.41101,1711.4,0,0
1231,2.99403,3083.18,0,0
1232,3.48428,3600,0,0
1233,3.31317,3600,0,0
1234,3.50868,3600,0,0
1235,3.41101,1914.59,0,0
1236,3.53308,579.384,0,0
1237,3.06784,338.968,0,0
1238,3.21517,289.466,0,0
1239,3.26419,254.185,0,0
1240,3.41101,117.667,0,0
1241,3.33765,0,0,0
1242,3.11699,0,0,0
1243,3.26419,0,0,0
1244,3.65488,0,0,0
1245,3.09242,0,0,0
1246,3.01864,0,0,0
1247,3.26419,60.8547,0,0
1248,3.21517,238.423,0,0
1249,3.48428,337.131,0,0
1250,3.36211,498.486,0,0
1251,3.53308,568.967,0,0
1252,3.31317,729.286,0,0
1253,3.33765,989.942,0,0
1254,3.01864,2007.06,0,0
1255,3.28869,3600,0,0
1256,3.38657,3600,0,0
1257,3.48428,3600,0,0
1258,3.45987,3600,0,0
1259,3.06784,3600,0,0
1260,3.21517,3600,0,0
1261,3.26419,3600,0,0
1262,3.65488,3600,0,0
1263,3.28869,3209.19,0,0
1264,2.89547,2436.39,0,0
1265,2.89547,3600,0,0
1266,3.21517,3600,0,0
1267,2.82143,3600,0,0
1268,3.48428,3600,0,0
1269,3.65488,3600,0,0
1270,3.43545,3600,0,0
1271,3.1661,3600,0,0
1272,3.48428,3600,0,0
1273,3.43545,3600,0,0
1274,3.19064,3600,0,0
1275,3.23969,3600,0,0
1276,3.26419,3600,0,0
1277,3.21517,3600,0,0
1278,3.45987,3600,0,0
1279,3.36211,3600,0,0
1280,3.48428,3600,0,0
1281,3.21517,3600,0,0
1282,3.23969,3600,0,0
1283,3.48428,3600,0,0
1284,3.31317,3600,0,0
1285,3.41101,3600,0,0
1286,3.53308,3600,0,0
1287,3.45987,3600,0,0
1288,3.19064,3600,0,0
1289,3.53308,3600,0,0
1290,3.50868,3600,0,0
1291,3.48428,1918.91,0,0
1292,3.58183,674.314,0,0
1293,3.53308,126.12,0,0
1294,3.45987,0,0,0
1295,3.60619,0,0,0
1296,3.60619,0,0,0
1297,3.33765,0,0,0
1298,3.45987,0,0,0
1299,3.65488,0,0,0
1300,3.31317,0,0,0
1301,3.38657,0,0,0
1302,3.21517,0,0,0
1303,3.38657,0,0,0
1304,3.50868,0,0,0
1305,3.43545,0,0,0
1306,3.38657,0,0,0
1307,3.45987,0,0,0
1308,3.38657,0,0,0
1309,3.43545,0,0,0
1310,3.72785,0,0,0
1311,3.11699,0,0,0
1312,3.38657,0,0,0
1313,3.38657,0,0,0
1314,3.48428,0,0,0
1315,3.70354,0,0,0
1316,3.43545,0,0,0
1317,3.70354,0,0,0
1318,2.99403,0,0,0
1319,3.65488,0,0,0
1320,3.26419,0,0,0
1321,3.1661,0,0,0
1322,3.19064,0,0,0
1323,3.55746,0,0,0
1324,3.72785,0,0,0
1325,3.45987,0,0,0
1326,3.26419,0,0,0
1327,3.75215,0,0,0
1328,3.70354,0,0,0
1329,3.50868,0,0,0
1330,3.60619,0,0,0
1331,3.84926,0,0,0
1332,3.38657,0,0,0
1333,3.53308,0,0,0
1334,3.75215,0,0,0
1335,3.87351,0,0,0
1336,3.26419,0,0,0
1337,3.70354,0,0,0
1338,3.09242,0,0,0
1339,3.65488,0,0,0
1340,3.41101,0,0,0
1341,3.58183,0,0,0
1342,3.36211,0,0,0
1343,3.09242,0,0,0
1344,3.63054,0,0,0
1345,3.53308,0,0,0
1346,3.50868,0,0,0
1347,3.1661,0,0,0
1348,3.80073,0,0,0
1349,3.825,0,0,0
1350,3.48428,0,0,0
1351,3.55746,0,0,0
1352,3.58183,0,0,0
1353,3.45987,0,0,0
1354,3.09242,0,0,0
1355,3.48428,0,0,0
1356,3.41101,0,0,0
1357,3.41101,0,0,0
1358,3.50868,0,0,0
1359,3.31317,0,0,0
1360,3.41101,0,0,0
1361,3.43545,0,0,0
1362,3.11699,0,0,0
1363,3.50868,0,0,0
1364,3.63054,0,0,0
1365,3.50868,0,0,0
1366,3.67922,0,0,0
1367,3.1661,0,0,0
1368,3.77644,0,0,0
1369,2.9694,0,0,0
1370,3.70354,111.993,0,0
1371,3.60619,369.018,0,0
1372,3.60619,696.732,0,0
1373,3.38657,1509.55,0,0
1374,3.50868,3168.95,0,0
1375,3.50868,3600,0,0
1376,3.80073,3600,0,0
1377,3.41101,2743.22,0,0
1378,3.21517,3600,0,0
1379,3.43545,3600,0,0
1380,3.84926,3600,0,0
1381,3.53308,3600,0,0
1382,3.70354,3600,0,0
1383,3.36211,3600,0,0
1384,3.38657,3600,0,0
1385,3.80073,3600,0,0
1386,3.53308,3600,0,0
1387,3.65488,3600,0,0
1388,3.48428,3600,0,0
1389,3.72785,3600,0,0
1390,3.36211,3600,0,0
1391,3.65488,3600,0,0
1392,3.60619,3600,0,0
1393,3.41101,2575.04,0,0
1394,3.33765,1001.96,0,0
1395,3.825,34.4874,0,0
1396,3.43545,0,0,0
1397,3.77644,0,0,0
1398,3.26419,0,0,0
1399,3.36211,0,0,0
1400,3.75215,0,0,0
1401,3.41101,0,0,0
1402,3.23969,0,0,0
1403,3.21517,0,0,0
1404,3.67922,0,0,0
1405,3.48428,0,0,0
1406,3.36211,0,0,0
1407,3.53308,0,0,0
1408,3.55746,0,0,0
1409,3.825,0,0,0
1410,3.33765,0,0,0
1411,3.38657,0,0,0
1412,3.55746,0,0,0
1413,3.28869,0,0,0
1414,3.80073,0,0,0
1415,2.99403,0,0,0
1416,3.65488,0,0,0
1417,3.72785,0,0,0
1418,3.55746,0,0,0
1419,3.58183,0,0,0
1420,3.60619,0,0,0
1421,3.53308,0,0,0
1422,3.53308,0,0,0
1423,3.45987,0,0,0
1424,3.33765,0,0,0
1425,3.55746,67.3879,0,0
1426,2.99403,563.671,0,0
1427,3.55746,2316.99,0,0
1428,3.825,3600,0,0
1429,3.77644,3600,0,0
1430,3.45987,3600,0,0
1431,3.63054,3600,0,0
1432,4.01882,3600,0,0
1433,3.825,3600,0,0
1434,3.80073,1368.53,0,0
1435,3.50868,558.367,0,0
1436,3.38657,131.09,0,0
1437,3.26419,50.6638,0,0
1438,3.33765,214.655,0,0
1439,3.67922,353.747,0,0
1440,3.63054,226.417,0,0
1441,3.70354,47.7345,0,0
1442,3.55746,0,0,0
1443,3.60619,0,0,0
1444,3.825,0,0,0
1445,3.94621,0,0,0
1446,3.28869,0,0,0
1447,3.45987,0,0,0
1448,3.45987,0,0,0
1449,3.26419,0,0,0
1450,3.38657,0,0,0
1451,3.45987,0,0,0
1452,3.58183,0,0,0
1453,3.72785,0,0,0
1454,3.92199,0,0,0
1455,3.60619,0,0,0
1456,3.58183,0,0,0
1457,3.50868,0,0,0
1458,3.77644,0,0,0
1459,3.38657,0,0,0
1460,3.43545,0,0,0
1461,3.36211,0,0,0
1462,3.80073,0,0,0
1463,3.33765,0,0,0
1464,3.72785,0,0,0
1465,3.58183,0,0,0
1466,3.70354,0,0,0
1467,3.43545,0,0,0
1468,3.65488,0,0,0
1469,3.38657,0,0,0
1470,3.43545,0,0,0
1471,3.48428,0,0,0
1472,3.55746,0,0,0
1473,3.28869,0,0,0
1474,3.45987,0,0,0
1475,3.36211,0,0,0
1476,3.43545,104.317,0,0
1477,3.63054,814.341,0,0
1478,3.41101,3600,0,0
1479,3.43545,3600,0,0
1480,3.80073,3600,0,0
1481,3.72785,3600,0,0
1482,3.48428,3600,0,0
1483,3.41101,3600,0,0
1484,3.45987,3600,0,0
1485,3.89775,3600,0,0
1486,3.60619,3600,0,0
1487,3.63054,3600,0,0
1488,3.55746,3600,0,0
1489,3.65488,3600,0,0
1490,3.72785,3600,0,0
1491,3.21517,3600,0,0
1492,3.50868,3600,0,0
1493,3.41101,3600,0,0
1494,3.60619,3600,0,0
1495,3.43545,3600,0,0
1496,3.72785,3600,0,0
1497,3.55746,3600,0,0
1498,3.53308,3600,0,0
1499,3.55746,3600,0,0
1500,3.63054,3600,0,0
1501,3.65488,3600,0,0
1502,3.72785,3600,0,0
1503,3.80073,3600,0,0
1504,3.67922,3600,0,0
1505,3.72785,3600,0,0
1506,3.28869,1515.82,0,0
1507,3.87351,240.228,0,0
1508,3.48428,0,0,0
1509,3.28869,0,0,0
1510,3.60619,0,0,0
1511,3.67922,0,0,0
1512,3.65488,0,0,0
1513,3.50868,0,0,0
1514,3.60619,0,0,0
1515,3.65488,0,0,0
1516,3.75215,0,0,0
1517,3.33765,0,0,0
1518,3.65488,0,0,0
1519,3.75215,0,0,0
1520,3.43545,0,0,0
1521,3.58183,0,0,0
1522,3.72785,0,0,0
1523,3.38657,0,0,0
1524,3.84926,0,0,0
1525,3.72785,0,0,0
1526,3.53308,0,0,0
1527,3.63054,0,0,0
1528,3.825,0,0,0
1529,3.75215,0,0,0
1530,3.48428,0,0,0
1531,3.94621,0,0,0
1532,4.09134,0,0,0
1533,3.43545,0,0,0
1534,3.70354,0,0,0
1535,3.53308,0,0,0
1536,3.99462,0,0,0
1537,3.55746,0,0,0
1538,3.80073,0,0,0
1539,3.60619,0,0,0
1540,3.31317,0,0,0
1541,3.53308,0,0,0
1542,3.58183,0,0,0
1543,3.53308,0,0,0
1544,3.825,0,0,0
1545,3.67922,0,0,0
1546,3.06784,0,0,0
1547,3.70354,0,0,0
1548,3.72785,0,0,0
1549,3.70354,0,0,0
1550,3.87351,0,0,0
1551,3.825,0,0,0
1552,3.41101,0,0,0
1553,3.72785,0,0,0
1554,3.58183,0,0,0
1555,3.58183,0,0,0
1556,3.48428,0,0,0
1557,3.60619,0,0,0
1558,3.28869,0,0,0
1559,3.60619,0,0,0
1560,3.80073,0,0,0
1561,3.55746,0,0,0
1562,3.28869,0,0,0
1563,3.77644,0,0,0
1564,3.43545,0,0,0
1565,3.55746,141.072,0,0
1566,3.63054,772.297,0,0
1567,3.43545,2107.45,0,0
1568,3.45987,2107.45,0,0
1569,3.58183,2107.45,0,0
1570,3.50868,2107.45,0,0
1571,3.825,2107.45,0,0
1572,3.84926,2107.45,0,0
1573,4.13964,2107.45,0,0
1574,3.53308,2107.45,0,0
1575,3.38657,2107.45,0,0
1576,3.63054,2107.45,0,0
1577,3.55746,2107.45,0,0
1578,3.43545,2107.45,0,0
1579,3.36211,2107.45,0,0
1580,3.48428,2107.45,0,0
1581,3.825,2107.45,0,0
1582,3.825,2107.45,0,0
1583,4.043,2107.45,0,0
1584,3.36211,2107.45,0,0
1585,3.53308,2107.45,0,0
1586,3.67922,2107.45,0,0
1587,3.50868,2107.45,0,0
1588,3.45987,2107.45,0,0
1589,3.75215,2107.45,0,0
1590,3.31317,2107.45,0,0
1591,3.53308,2107.45,0,0
1592,3.41101,2107.45,0,0
1593,3.84926,2107.45,0,0
1594,3.58183,2107.45,0,0
1595,3.48428,2107.45,0,0
1596,3.70354,2107.45,0,0
1597,3.50868,2107.45,0,0
1598,3.65488,2107.45,0,0
1599,3.45987,2107.45,0,0
1600,3.58183,2107.45,0,0
1601,3.67922,2107.45,0,0
1602,3.60619,2107.45,0,0
1603,4.09134,2107.45,0,0
1604,3.67922,2107.45,0,0
1605,3.65488,2107.45,0,0
1606,3.33765,2107.45,0,0
1607,3.80073,2107.45,0,0
1608,3.65488,2107.45,0,0
1609,3.41101,2107.45,0,0
1610,3.92199,2107.45,0,0
1611,3.77644,1029.77,0,0
1612,3.53308,195.118,0,0
1613,3.58183,0,0,0
1614,3.48428,0,0,0
1615,3.67922,0,0,0
1616,3.65488,0,0,0
1617,3.94621,0,0,0
1618,3.84926,0,0,0
1619,3.63054,0,0,0
1620,3.55746,0,0,0
1621,3.38657,0,0,0
1622,3.94621,0,0,0
1623,3.67922,0,0,0
1624,3.825,0,0,0
1625,3.67922,0,0,0
1626,3.92199,0,0,0
1627,3.94621,0,0,0
1628,3.45987,0,0,0
1629,3.67922,0,0,0
1630,3.94621,0,0,0
1631,3.75215,0,0,0
1632,3.87351,0,0,0
1633,3.87351,0,0,0
1634,3.97042,0,0,0
1635,3.87351,0,0,0
1636,3.55746,0,0,0
1637,3.60619,0,0,0
1638,3.825,0,0,0
1639,3.75215,0,0,0
1640,3.70354,0,0,0
1641,3.31317,0,0,0
1642,3.77644,0,0,0
1643,3.50868,0,0,0
1644,3.825,0,0,0
1645,3.99462,0,0,0
1646,4.01882,0,0,0
1647,3.63054,0,0,0
1648,3.55746,0,0,0
1649,3.33765,0,0,0
1650,3.31317,0,0,0
1651,3.94621,0,0,0
1652,4.043,0,0,0
1653,3.99462,0,0,0
1654,3.55746,0,0,0
1655,3.41101,0,0,0
1656,3.65488,0,0,0
1657,3.87351,0,0,0
1658,3.58183,0,0,0
1659,4.01882,0,0,0
1660,3.58183,0,0,0
1661,3.97042,0,0,0
1662,3.53308,0,0,0
1663,3.92199,0,0,0
1664,3.94621,0,0,0
1665,3.72785,0,0,0
1666,3.80073,0,0,0
1667,3.38657,0,0,0
1668,4.043,0,0,0
1669,3.53308,0,0,0
1670,3.75215,0,0,0
1671,3.60619,0,0,0
1672,3.75215,0,0,0
1673,3.80073,0,0,0
1674,3.87351,0,0,0
1675,3.50868,0,0,0
1676,3.89775,0,0,0
1677,3.60619,0,0,0
1678,3.38657,0,0,0
1679,3.72785,0,0,0
1680,3.75215,0,0,0
1681,3.80073,1039.96,0,0
1682,3.58183,1039.96,0,0
1683,3.55746,1039.96,0,0
1684,4.06718,1039.96,0,0
1685,3.67922,1039.96,0,0
1686,3.63054,1039.96,0,0
1687,3.55746,1039.96,0,0
1688,3.67922,1039.96,0,0
1689,3.84926,1039.96,0,0
1690,3.77644,1039.96,0,0
1691,3.55746,1039.96,0,0
1692,3.72785,1039.96,0,0
1693,3.58183,1039.96,0,0
1694,4.16378,1039.96,0,0
1695,3.53308,1039.96,0,0
1696,3.97042,1039.96,0,0
1697,4.043,1039.96,0,0
1698,3.36211,1039.96,0,0
1699,3.825,1039.96,0,0
1700,3.63054,3600,0,0
1701,3.48428,3600,0,0
1702,3.87351,3600,0,0
1703,3.55746,3600,0,0
1704,4.01882,3600,0,0
1705,3.26419,3600,0,0
1706,3.87351,3600,0,0
1707,3.94621,3600,0,0
1708,3.38657,3600,0,0
1709,3.70354,3600,0,0
1710,3.72785,3600,0,0
1711,3.84926,3600,0,0
1712,3.67922,3600,0,0
1713,3.50868,3600,0,0
1714,3.77644,3600,0,0
1715,3.77644,3600,0,0
1716,3.72785,3600,0,0
1717,3.89775,3600,0,0
1718,3.72785,3600,0,0
1719,3.77644,3600,0,0
1720,3.87351,3600,0,0
1721,3.94621,3600,0,0
1722,3.33765,3600,0,0
1723,3.87351,3600,0,0
1724,3.89775,3600,0,0
1725,3.99462,2190.58,0,0
1726,3.63054,190.78,0,0
1727,3.72785,0,0,0
1728,3.80073,0,0,0
1729,3.825,0,0,0
1730,3.65488,0,0,0
1731,3.92199,0,0,0
1732,3.80073,0,0,0
1733,3.38657,0,0,0
1734,3.55746,0,0,0
1735,3.94621,0,0,0
1736,3.94621,0,0,0
1737,4.01882,0,0,0
1738,3.75215,0,0,0
1739,3.60619,0,0,0
1740,3.77644,0,0,0
1741,3.70354,0,0,0
1742,3.99462,0,0,0
1743,3.89775,0,0,0
1744,3.80073,0,0,0
1745,3.55746,0,0,0
1746,3.60619,0,0,0
1747,4.01882,0,0,0
1748,4.21202,0,0,0
1749,3.80073,3600,0,1
1750,3.65488,3600,0,1
1751,3.67922,3600,0,1
1752,3.14155,3600,0,1
1753,2.69782,3600,0,1
1754,2.44976,3600,0,1
1755,2.25049,3600,0,1
1756,2.27543,3600,0,1
1757,2.40001,3600,0,1
1758,2.05047,3600,0,1
1759,1.84969,3600,0,0
1760,1.47113,3600,0,0
1761,1.7742,3600,0,0
1762,1.54707,3600,0,0
1763,2.00034,3600,0,0
1764,1.95017,3600,0,0
1765,1.57235,3600,0,0
1766,1.59763,3600,0,0
1767,1.62289,3600,0,0
1768,1.79938,3600,0,0
1769,1.84969,3600,0,0
1770,2.07552,3600,0,0
1771,1.57235,3600,0,0
1772,1.62289,3600,0,0
1773,1.47113,3600,0,0
1774,1.64814,3600,0,0
1775,1.67338,3600,0,0
1776,1.79938,3600,0,0
1777,1.79938,3600,0,0
1778,1.72381,3600,0,0
1779,1.67338,3600,0,0
1780,2.00034,3600,0,0
1781,1.84969,3600,0,0
1782,1.89996,3600,0,0
1783,2.05047,3600,0,0
1784,1.95017,3600,0,0
1785,1.64814,3600,0,0
1786,1.67338,3600,0,0
1787,1.97526,3600,0,0
1788,1.64814,3600,0,0
1789,2.17557,3600,0,0
1790,1.97526,3600,0,0
1791,2.02541,3600,0,0
1792,1.82454,3600,0,0
1793,2.12557,3600,0,0
1794,2.07552,3600,0,0
1795,1.64814,3600,0,0
1796,1.6986,3600,0,0
1797,2.22553,3600,0,0
1798,2.10055,3600,0,0
1799,1.89996,3600,0,0
1800,1.79938,3600,0,0
1801,1.59763,3600,0,0
1802,1.52177,3600,0,0
1803,2.30038,3600,0,0
1804,1.92507,3600,0,0
1805,1.57235,3600,0,0
1806,1.79938,3600,0,0
1807,1.87483,3600,0,0
1808,2.17557,3600,0,0
1809,1.6986,3600,0,0
1810,1.7742,3600,0,0
1811,1.64814,3600,0,0
1812,1.89996,3600,0,0
1813,2.00034,3600,0,0
1814,2.12557,3600,0,0
1815,1.97526,3600,0,0
1816,1.87483,3600,0,0
1817,1.95017,3600,0,0
1818,2.07552,3600,0,0
1819,1.97526,3600,1,0
1820,2.57393,3600,1,0
1821,1.87483,3600,1,0
1822,1.97526,3600,1,0
1823,2.12557,3600,1,0
1824,2.00034,3600,1,0
1825,2.10055,3600,1,0
1826,2.05047,3600,1,0
1827,2.02541,3600,1,0
1828,2.47462,3600,1,0
1829,2.17557,3600,1,0
1830,2.62352,3600,1,0
1831,2.12557,3600,1,0
1832,2.42489,3600,1,0
1833,2.57393,3600,1,0
1834,2.7473,3600,1,0
1835,2.84612,3600,1,0
1836,2.54912,3600,1,0
1837,2.47462,3600,1,0
1838,2.7473,3600,1,0
1839,2.62352,3600,1,0
1840,2.79673,3600,1,0
1841,2.57393,3600,1,0
1842,2.77202,3600,1,0
1843,2.77202,3600,1,0
1844,3.09242,3600,1,0
1845,2.94477,3600,1,0
1846,2.99403,3600,1,0
1847,2.92012,3600,1,0
1848,2.92012,3600,1,0
1849,3.01864,3600,1,0
1850,3.06784,3600,1,0
1851,2.62352,3600,1,0
1852,3.19064,3600,1,0
1853,2.72256,3600,1,0
1854,3.33765,3600,1,0
1855,3.19064,3600,1,0
1856,3.55746,3600,1,0
1857,3.53308,3600,1,0
1858,3.60619,3600,1,0
1859,3.63054,3600,0,0
1860,3.41101,3600,0,0
1861,3.04324,3600,0,0
1862,3.50868,3600,0,0
1863,3.50868,3600,0,0
1864,3.21517,3600,0,0
1865,3.19064,3600,0,0
1866,3.38657,3600,0,0
1867,3.58183,3600,0,0
1868,3.55746,3600,0,0
1869,3.55746,3600,0,0
1870,3.55746,3600,0,0
1871,3.38657,3600,0,0
1872,3.58183,3600,0,0
1873,3.45987,3600,0,0
1874,3.55746,3600,0,0
1875,3.41101,3600,0,0
1876,3.53308,3600,0,0
1877,3.58183,3600,0,0
1878,3.36211,3600,0,0
1879,3.33765,3600,0,0
1880,3.63054,3600,0,0
1881,3.48428,3600,0,0
1882,3.43545,3600,0,0
1883,3.36211,3600,0,0
1884,3.23969,3600,0,0
1885,3.48428,3600,0,0
1886,3.33765,3600,0,0
1887,3.65488,3600,0,0
1888,3.21517,3600,0,0
1889,3.41101,3600,0,0
1890,3.28869,3600,0,0
1891,3.26419,3600,0,0
1892,3.36211,3600,0,0
1893,3.43545,3600,0,0
1894,3.43545,3600,0,0
1895,3.63054,3600,0,0
1896,3.84926,3600,0,0
1897,3.23969,3600,0,0
1898,3.67922,3600,0,0
1899,3.23969,3600,0,0
1900,3.26419,3600,0,0
1901,3.70354,3600,0,0
1902,3.31317,3600,0,0
1903,3.60619,3600,0,0
1904,3.43545,3600,0,0
1905,3.43545,3600,0,0
1906,3.36211,3600,0,0
1907,3.75215,3600,0,0
1908,3.72785,3600,0,0
1909,3.75215,3600,0,0
1910,3.58183,3600,0,0
1911,3.53308,3600,0,0
1912,3.48428,3600,0,0
1913,3.55746,3600,0,0
1914,3.67922,0,0,0
1915,3.55746,0,0,0
1916,3.36211,0,0,0
1917,3.45987,0,0,0
1918,3.60619,0,0,0
1919,3.60619,0,0,0
1920,3.60619,0,0,0
1921,3.43545,0,0,0
1922,2.99403,0,0,0
1923,2.94477,0,0,0
1924,3.38657,0,0,0
1925,3.48428,0,0,0
1926,3.55746,0,0,0
1927,3.31317,0,0,0
1928,3.50868,0,0,0
1929,3.50868,0,0,0
1930,3.58183,0,0,0
1931,3.1661,0,0,0
1932,3.36211,0,0,0
1933,3.50868,0,0,0
1934,3.80073,0,0,0
1935,3.41101,0,0,0
1936,3.38657,0,0,0
1937,3.53308,0,0,0
1938,3.63054,0,0,0
1939,3.50868,0,0,0
1940,4.01882,0,0,0
1941,3.33765,0,0,0
1942,3.48428,0,0,0
1943,3.55746,0,0,0
1944,3.45987,0,0,0
1945,3.26419,0,0,0
1946,3.70354,0,0,0
1947,3.11699,0,0,0
1948,3.11699,0,0,0
1949,3.65488,0,0,0
1950,3.58183,0,0,0
1951,3.60619,0,0,0
1952,3.41101,0,0,0
1953,3.45987,0,0,0
1954,3.28869,0,0,0
1955,3.41101,0,0,0
1956,3.26419,0,0,0
1957,3.53308,0,0,0
1958,3.38657,0,0,0
1959,3.31317,0,0,0
1960,3.01864,0,0,0
1961,3.72785,0,0,0
1962,3.94621,0,0,0
1963,3.72785,0,0,0
1964,2.94477,0,0,0
1965,3.21517,0,0,0
1966,3.28869,0,0,0
1967,3.63054,0,0,0
1968,3.50868,0,0,0
1969,3.65488,0,0,0
1970,3.1661,0,0,0
1971,3.50868,0,0,0
1972,3.23969,0,0,0
1973,3.19064,0,0,0
1974,3.55746,0,0,0
1975,3.23969,0,0,0
1976,3.77644,0,0,0
1977,3.65488,0,0,0
1978,3.67922,0,0,0
1979,3.53308,0,0,0
1980,3.65488,0,0,0
1981,3.58183,0,0,0
1982,3.33765,0,0,0
1983,3.70354,0,0,0
1984,3.77644,0,0,0
1985,3.53308,3600,0,0
1986,3.50868,2012.38,0,0
1987,3.72785,758.306,0,0
1988,3.55746,144.593,0,0
1989,3.36211,0,0,0
1990,3.48428,0,0,0
1991,3.21517,0,0,0
1992,3.60619,0,0,0
1993,3.41101,0,0,0
1994,3.41101,0,0,0
1995,3.75215,0,0,0
1996,3.67922,0,0,0
1997,3.48428,0,0,0
1998,3.72785,0,0,0
1999,3.55746,0,0,0
2000,3.70354,0,0,0
2001,3.41101,0,0,0
2002,3.77644,0,0,0
2003,3.33765,0,0,0
2004,3.45987,0,0,0
2005,3.825,0,0,0
2006,3.48428,0,0,0
2007,3.67922,0,0,0
2008,3.58183,0,0,0
2009,3.825,0,0,0
2010,3.23969,0,0,0
2011,3.825,0,0,0
2012,3.67922,0,0,0
2013,3.45987,0,0,0
2014,3.84926,0,0,0
2015,3.45987,0,0,0
2016,3.28869,0,0,0
2017,3.72785,0,0,0
2018,3.43545,0,0,0
2019,3.67922,0,0,0
2020,3.58183,0,0,0
2021,3.63054,0,0,0
2022,3.36211,0,0,0
2023,3.41101,0,0,0
2024,3.50868,0,0,0
2025,3.31317,0,0,0
2026,3.50868,0,0,0
2027,3.58183,0,0,0
2028,3.60619,0,0,0
2029,3.60619,0,0,0
2030,3.77644,0,0,0
2031,3.77644,0,0,0
2032,3.50868,0,0,0
2033,3.70354,0,0,0
2034,3.58183,0,0,0
2035,3.67922,0,0,0
2036,3.38657,0,0,0
2037,3.55746,0,0,0
2038,3.36211,0,0,0
2039,3.75215,0,0,0
2040,3.48428,0,0,0
2041,3.70354,0,0,0
2042,3.23969,0,0,0
2043,3.80073,0,0,0
2044,3.65488,0,0,0
2045,3.26419,0,0,0
2046,3.58183,0,0,0
2047,3.92199,0,0,0
2048,3.38657,0,0,0
2049,3.45987,0,0,0
2050,3.97042,0,0,0
2051,3.67922,0,0,0
2052,3.41101,0,0,0
2053,3.43545,0,0,0
2054,3.55746,0,0,0
2055,3.28869,680.945,0,0
2056,3.87351,1115.72,0,0
2057,3.67922,1691.69,0,0
2058,3.99462,737.694,0,0
2059,3.70354,179.799,0,0
2060,3.36211,0,0,0
2061,3.43545,0,0,0
2062,3.41101,4.77905,0,0
2063,3.43545,352.984,0,0
2064,3.94621,425.049,0,0
2065,3.72785,93.3805,0,0
2066,3.60619,0,0,0
2067,3.65488,0,0,0
2068,3.92199,0,0,0
2069,3.63054,0,0,0
2070,3.58183,0,0,0
2071,3.70354,0,0,0
2072,3.50868,0,0,0
2073,3.55746,0,0,0
2074,3.92199,0,0,0
2075,3.75215,0,0,0
2076,3.72785,0,0,0
2077,3.48428,0,0,0
2078,3.43545,0,0,0
2079,3.84926,0,0,0
2080,3.84926,0,0,0
2081,3.60619,0,0,0
2082,3.55746,0,0,0
2083,3.21517,0,0,0
2084,3.58183,0,0,0
2085,3.45987,0,0,0
2086,3.65488,0,0,0
2087,3.87351,0,0,0
2088,3.75215,0,0,0
2089,3.23969,0,0,0
2090,3.41101,0,0,0
2091,3.84926,0,0,0
2092,3.63054,0,0,0
2093,3.63054,0,0,0
2094,3.75215,0,0,0
2095,3.63054,0,0,0
2096,3.55746,0,0,0
2097,3.21517,0,0,0
2098,3.75215,0,0,0
2099,3.53308,0,0,0
2100,3.97042,0,0,0
2101,3.50868,0,0,0
2102,3.60619,0,0,0
2103,3.45987,0,0,0
2104,3.45987,0,0,0
2105,3.72785,0,0,0
2106,3.65488,0,0,0
2107,4.01882,0,0,0
2108,3.63054,0,0,0
2109,3.84926,0,0,0
2110,3.70354,0,0,0
2111,3.60619,0,0,0
2112,3.58183,0,0,0
2113,3.67922,0,0,0
2114,3.67922,0,0,0
2115,3.50868,0,0,0
2116,3.45987,0,0,0
2117,3.48428,191.628,0,0
2118,3.58183,346.487,0,0
2119,3.65488,341.781,0,0
2120,3.825,404.692,0,0
2121,3.55746,1007.59,0,0
2122,3.80073,2281.98,0,0
2123,3.41101,2281.98,0,0
2124,3.55746,2281.98,0,0
2125,3.97042,2281.98,0,0
2126,3.70354,2281.98,0,0
2127,3.80073,2281.98,0,0
2128,3.825,2527.62,0,0
2129,3.80073,231.446,0,0
2130,3.58183,0,0,0
2131,3.53308,0,0,0
2132,3.58183,0,0,0
2133,3.60619,0,0,0
2134,3.67922,0,0,0
2135,3.94621,0,0,0
2136,4.09134,0,0,0
2137,3.55746,0,0,0
2138,3.63054,0,0,0
2139,3.65488,0,0,0
2140,3.97042,0,0,0
2141,3.58183,0,0,0
2142,3.72785,0,0,0
2143,3.50868,0,0,0
2144,3.65488,0,0,0
2145,3.50868,0,0,0
2146,3.45987,0,0,0
2147,3.825,0,0,0
2148,3.65488,0,0,0
2149,3.63054,0,0,0
2150,3.31317,0,0,0
2151,3.48428,0,0,0
2152,3.58183,0,0,0
2153,3.70354,0,0,0
2154,3.55746,0,0,0
2155,3.53308,0,0,0
2156,3.72785,0,0,0
2157,3.45987,0,0,0
2158,3.72785,0,0,0
2159,3.70354,0,0,0
2160,3.19064,220.602,0,0
2161,3.41101,220.602,0,0
2162,3.70354,220.602,0,0
2163,3.50868,220.602,0,0
2164,4.043,220.602,0,0
2165,3.58183,220.602,0,0
2166,3.31317,220.602,0,0
2167,3.58183,220.602,0,0
2168,4.06718,220.602,0,0
2169,3.60619,220.602,0,0
2170,3.58183,220.602,0,0
2171,3.38657,220.602,0,0
2172,3.72785,220.602,0,0
2173,3.58183,220.602,0,0
2174,3.99462,220.602,0,0
2175,3.84926,220.602,0,0
2176,3.825,220.602,0,0
2177,3.31317,220.602,0,0
2178,3.60619,220.602,0,0
2179,3.72785,220.602,0,0
2180,4.30839,220.602,0,0
2181,3.23969,3600,0,1
2182,3.26419,3600,0,1
2183,3.1661,3600,0,1
2184,2.62352,3600,0,1
2185,2.44976,3600,0,1
2186,2.67307,3600,0,1
2187,2.25049,3600,0,1
2188,2.20056,3600,0,1
2189,2.05047,3600,0,1
2190,1.84969,3600,0,0
2191,1.62289,3600,0,0
2192,2.00034,3600,0,0
2193,1.57235,3600,0,0
2194,2.05047,3600,0,0
2195,2.49946,3600,0,0
2196,2.07552,3600,0,0
2197,2.02541,3600,0,0
2198,1.87483,3600,0,0
2199,1.95017,3600,0,0
2200,1.97526,3600,0,0
2201,2.22553,3600,0,0
2202,2.05047,3600,0,0
2203,2.05047,3600,0,0
2204,2.05047,3600,0,0
2205,1.72381,3600,0,0
2206,1.89996,3600,0,0
2207,1.79938,3600,0,0
2208,1.92507,3600,0,0
2209,2.02541,3600,0,0
2210,2.49946,3600,0,0
2211,1.79938,3600,0,0
2212,1.6986,3600,0,0
2213,2.07552,3600,0,0
2214,2.42489,3600,0,0
2215,2.02541,3600,0,0
2216,2.30038,3600,0,0
2217,2.12557,3600,0,0
2218,1.89996,3600,0,0
2219,2.07552,3600,0,0
2220,1.74901,3600,0,0
2221,1.74901,3600,0,0
2222,1.59763,3600,0,0
2223,1.62289,3600,0,0
2224,2.05047,3600,0,0
2225,2.10055,3600,0,0
2226,1.74901,3600,0,0
2227,1.74901,3600,0,0
2228,2.10055,3600,0,0
2229,1.97526,3600,0,0
2230,1.6986,3600,0,0
2231,1.64814,3600,0,0
2232,2.17557,3600,0,0
2233,1.97526,3600,0,0
2234,1.95017,3600,0,0
2235,1.97526,3600,0,0
2236,2.10055,3600,0,0
2237,1.84969,3600,0,0
2238,1.87483,3600,0,0
2239,1.92507,3600,0,0
2240,1.84969,3600,0,0
2241,1.82454,3600,0,0
2242,2.02541,3600,0,0
2243,2.20056,3600,0,0
2244,2.17557,3600,0,0
2245,1.95017,3600,0,0
2246,2.10055,3600,0,0
2247,2.10055,3600,0,0
2248,2.05047,3600,0,0
2249,1.79938,3600,0,0
2250,1.49646,3600,1,0
2251,2.25049,3600,1,0
2252,2.59873,3600,1,0
2253,2.12557,3600,1,0
2254,2.52429,3600,1,0
2255,2.25049,3600,1,0
2256,2.22553,3600,1,0
2257,2.05047,3600,1,0
2258,2.27543,3600,1,0
2259,2.15057,3600,1,0
2260,2.05047,3600,1,0
2261,2.84612,3600,1,0
2262,2.40001,3600,1,0
2263,2.44976,3600,1,0
2264,2.67307,3600,1,0
2265,2.54912,3600,1,0
2266,2.3253,3600,1,0
2267,2.69782,3600,1,0
2268,2.69782,3600,1,0
2269,2.8708,3600,1,0
2270,2.99403,3600,1,0
2271,2.72256,3600,1,0
2272,3.06784,3600,1,0
2273,2.67307,3600,1,0
2274,2.7473,3600,1,0
2275,3.14155,3600,1,0
2276,3.36211,3600,1,0
2277,2.99403,3600,1,0
2278,3.19064,3600,1,0
2279,3.14155,3600,1,0
2280,2.84612,3600,1,0
2281,3.06784,3600,1,0
2282,3.14155,3600,1,0
2283,2.9694,3600,1,0
2284,3.65488,3600,1,0
2285,3.41101,3600,1,0
2286,3.53308,3600,1,0
2287,3.23969,3600,1,0
2288,3.28869,3600,1,0
2289,3.50868,3600,1,0
2290,3.77644,3600,1,0
2291,3.33765,3600,1,0
2292,3.23969,3600,1,0
2293,3.63054,3600,1,0
2294,3.58183,3600,1,0
2295,3.84926,3600,1,0
2296,3.825,3600,1,0
2297,3.825,3600,1,0
2298,3.87351,3600,1,0
2299,3.84926,3600,1,0
2300,3.75215,3600,0,0
2301,3.63054,3600,0,0
2302,3.99462,3600,0,0
2303,4.01882,3600,0,0
2304,3.89775,3600,0,0
2305,3.63054,3600,0,0
2306,3.53308,3600,0,0
2307,3.99462,3600,0,0
2308,3.60619,3600,0,0
2309,3.67922,3600,0,0
2310,3.84926,3600,0,0
2311,4.13964,3600,0,0
2312,3.84926,3600,0,0
2313,3.84926,3600,0,0
2314,3.84926,3600,0,0
2315,3.63054,3600,0,0
2316,3.97042,3600,0,0
2317,4.16378,3600,0,0
2318,3.70354,3600,0,0
2319,3.70354,3600,0,0
2320,3.80073,3600,0,0
2321,3.99462,3600,0,0
2322,3.99462,3600,0,0
2323,3.60619,3600,0,0
2324,3.825,3600,0,0
2325,3.72785,3600,0,0
2326,3.825,3600,0,0
2327,3.77644,3600,0,0
2328,3.77644,3600,0,0
2329,4.13964,3600,0,0
2330,3.48428,3600,0,0
2331,3.825,3600,0,0
2332,3.67922,3600,0,0
2333,3.75215,3600,0,0
2334,3.58183,3600,0,0
2335,3.87351,3600,0,0
2336,3.94621,3600,0,0
2337,3.77644,3600,0,0
2338,3.70354,3600,0,0
2339,3.65488,3600,0,0
2340,3.80073,3600,0,0
2341,3.92199,3600,0,0
2342,3.89775,3600,0,0
2343,3.84926,3600,0,0
2344,3.75215,3600,0,0
2345,3.89775,3600,0,0
2346,3.65488,3600,0,0
2347,3.99462,3600,0,0
2348,3.89775,3600,0,0
2349,3.45987,3600,0,0
2350,3.92199,3600,0,0
2351,3.92199,3600,0,0
2352,4.043,3600,0,0
2353,3.53308,3600,0,0
2354,4.043,3600,0,0
2355,3.70354,0,0,0
2356,3.72785,0,0,0
2357,4.06718,0,0,0
2358,4.09134,0,0,0
2359,3.97042,0,0,0
2360,3.92199,0,0,0
2361,3.97042,0,0,0
2362,3.92199,0,0,0
2363,3.99462,0,0,0
2364,4.28431,0,0,0
2365,3.55746,3600,0,1
2366,3.45987,3600,0,1
2367,3.09242,3600,0,1
2368,3.09242,3600,0,1
2369,2.77202,3600,0,1
2370,2.49946,3600,0,1
2371,2.62352,3600,0,1
2372,2.02541,3600,0,1
2373,1.87483,3600,0,1
2374,2.12557,3600,0,1
2375,1.72381,3600,0,0
2376,1.87483,3600,0,0
2377,1.62289,3600,0,0
2378,2.40001,3600,0,0
2379,1.7742,3600,0,0
2380,1.7742,3600,0,0
2381,1.92507,3600,0,0
2382,2.02541,3600,0,0
2383,1.97526,3600,0,0
2384,1.95017,3600,0,0
2385,2.42489,3600,0,0
2386,1.95017,3600,0,0
2387,1.87483,3600,0,0
2388,2.05047,3600,0,0
2389,1.84969,3600,0,0
2390,1.87483,3600,0,0
2391,1.67338,3600,0,0
2392,1.74901,3600,0,0
2393,1.57235,3600,0,0
2394,1.84969,3600,0,0
2395,1.6986,3600,0,0
2396,1.54707,3600,0,0
2397,1.95017,3600,0,0
2398,1.95017,3600,0,0
2399,2.20056,3600,0,0
2400,1.72381,3600,0,0
2401,1.87483,3600,0,0
2402,1.79938,3600,0,0
2403,1.95017,3600,0,0
2404,1.84969,3600,0,0
2405,1.97526,3600,0,0
2406,1.7742,3600,0,0
2407,1.92507,3600,0,0
2408,1.82454,3600,0,0
2409,1.97526,3600,0,0
2410,1.89996,3600,0,0
2411,2.17557,3600,0,0
2412,2.00034,3600,0,0
2413,1.82454,3600,0,0
2414,2.30038,3600,0,0
2415,2.00034,3600,0,0
2416,1.82454,3600,0,0
2417,2.25049,3600,0,0
2418,1.82454,3600,0,0
2419,1.97526,3600,0,0
2420,2.02541,3600,0,0
2421,1.84969,3600,0,0
2422,1.89996,3600,0,0
2423,1.95017,3600,0,0
2424,1.7742,3600,0,0
2425,1.97526,3600,0,0
2426,1.7742,3600,0,0
2427,1.95017,3600,0,0
2428,2.07552,3600,0,0
2429,1.95017,3600,0,0
2430,2.05047,3600,0,0
2431,1.6986,3600,0,0
2432,1.62289,3600,0,0
2433,1.7742,3600,0,0
2434,2.02541,3600,0,0
2435,2.27543,3600,1,0
2436,1.97526,3600,1,0
2437,2.05047,3600,1,0
2438,2.00034,3600,1,0
2439,2.10055,3600,1,0
2440,2.20056,3600,1,0
2441,2.05047,3600,1,0
2442,2.30038,3600,1,0
2443,1.97526,3600,1,0
2444,1.97526,3600,1,0
2445,2.52429,3600,1,0
2446,2.49946,3600,1,0
2447,2.42489,3600,1,0
2448,3.04324,3600,1,0
2449,2.3253,3600,1,0
2450,2.49946,3600,1,0
2451,2.62352,3600,1,0
2452,2.62352,3600,1,0
2453,2.22553,3600,1,0
2454,2.52429,3600,1,0
2455,3.09242,3600,1,0
2456,2.67307,3600,1,0
2457,2.84612,3600,1,0
2458,2.6483,3600,1,0
2459,2.94477,3600,1,0
2460,2.89547,3600,1,0
2461,2.84612,3600,1,0
2462,2.94477,3600,1,0
2463,3.11699,3600,1,0
2464,3.48428,3600,1,0
2465,3.09242,3600,1,0
2466,3.09242,3600,1,0
2467,3.45987,3600,1,0
2468,3.48428,3600,1,0
2469,3.55746,3600,1,0
2470,3.33765,3600,1,0
2471,3.36211,3600,1,0
2472,3.36211,3600,1,0
2473,3.19064,3600,1,0
2474,3.48428,3600,1,0
2475,3.43545,3600,1,0
2476,3.31317,3600,1,0
2477,3.80073,3600,1,0
2478,3.58183,3600,1,0
2479,3.41101,3600,1,0
2480,3.70354,3600,1,0
2481,3.92199,3600,1,0
2482,3.72785,3600,1,0
2483,3.58183,3600,1,0
2484,3.58183,3600,1,0
2485,3.48428,3600,1,0
2486,3.92199,3600,1,0
2487,3.72785,3600,1,0
2488,3.92199,3600,1,0
2489,4.35651,3600,1,0
2490,4.23612,3600,1,0
2491,3.97042,3600,1,0
2492,4.06718,3600,1,0
2493,4.01882,3600,1,0
2494,4.45266,3600,1,0
